DMA_Zone,Gas_Input_Sm3,Gas_Billed_Sm3,UFG_Sm3,UFG_Percent
DMA-A,16547212.980639368,10768291.143155217,5778921.837484151,34.92
DMA-B,18187602.30653455,13799754.489124626,4387847.817409925,24.13
DMA-C,22541885.844896596,18152878.030207507,4389007.814689089,19.47
DMA-D,26496656.81747243,15594293.954055749,10902362.863416683,41.15
