DMA_Zone,Gas_Input_Sm3,Gas_Billed_Sm3,UFG_Sm3,UFG_Percent
DMA-A,16544501.33022349,10764317.410444163,5780183.919779327,34.94
DMA-B,18406776.169538748,14020694.071380746,4386082.098158002,23.83
DMA-C,22537894.95582212,18155288.767227918,4382606.188594203,19.45
DMA-D,26498812.722320676,15598532.97096326,10900279.751357416,41.13
