DMA_Zone,Gas_Input_Sm3,Gas_Billed_Sm3,UFG_Sm3,UFG_Percent
DMA-A,16339217.053,10635346.450000001,5703870.602999998,34.91
DMA-B,17913395.767,13591918.55,4321477.217,24.12
DMA-C,22256507.917,17927101.785,4329406.131999999,19.45
DMA-D,26115709.517,15378152.567000002,10737556.95,41.12
